filename,server,serverIP,doclength,concurrency,time,compreq,failreq,tottran,htmltran,reqpersec,timeperreqall,timeperreq,transrate,type
small2676_apache2_c_10,Apache/2.4.7,52.39.163.150,11510,10,12.952,10000,0,117830000,115100000,772.07,12.952,1.295,8884.03,small2676
small2676_apache2_c_100,Apache/2.4.7,52.39.163.150,11510,100,10.691,10000,0,117830000,115100000,935.33,106.914,1.069,10762.68,small2676
small2676_apache2_c_1000,Apache/2.4.7,52.39.163.150,11510,1000,14.836,10000,0,117830000,115100000,674.03,1483.623,1.484,7755.90,small2676
small2676_apache2_c_110,Apache/2.4.7,52.39.163.150,11510,110,12.641,10000,0,117830000,115100000,791.06,139.054,1.264,9102.62,small2676
small2676_apache2_c_120,Apache/2.4.7,52.39.163.150,11510,120,11.426,10000,0,117830000,115100000,875.18,137.114,1.143,10070.59,small2676
small2676_apache2_c_130,Apache/2.4.7,52.39.163.150,11510,130,12.308,10000,0,117830000,115100000,812.46,160.009,1.231,9348.79,small2676
small2676_apache2_c_140,Apache/2.4.7,52.39.163.150,11510,140,10.968,10000,0,117830000,115100000,911.75,153.551,1.097,10491.34,small2676
small2676_apache2_c_150,Apache/2.4.7,52.39.163.150,11510,150,10.603,10000,0,117830000,115100000,943.12,159.047,1.060,10852.33,small2676
small2676_apache2_c_160,Apache/2.4.7,52.39.163.150,11510,160,11.140,10000,0,117830000,115100000,897.70,178.232,1.114,10329.74,small2676
small2676_apache2_c_170,Apache/2.4.7,52.39.163.150,11510,170,11.282,10000,0,117830000,115100000,886.36,191.795,1.128,10199.23,small2676
small2676_apache2_c_180,Apache/2.4.7,52.39.163.150,11510,180,10.263,10000,0,117830000,115100000,974.37,184.735,1.026,11211.89,small2676
small2676_apache2_c_190,Apache/2.4.7,52.39.163.150,11510,190,10.581,10000,0,117830000,115100000,945.11,201.034,1.058,10875.25,small2676
small2676_apache2_c_20,Apache/2.4.7,52.39.163.150,11510,20,11.406,10000,0,117830000,115100000,876.76,22.811,1.141,10088.74,small2676
small2676_apache2_c_200,Apache/2.4.7,52.39.163.150,11510,200,10.596,10000,0,117830000,115100000,943.79,211.912,1.060,10860.00,small2676
small2676_apache2_c_210,Apache/2.4.7,52.39.163.150,11510,210,12.636,10000,0,117830000,115100000,791.41,265.349,1.264,9106.63,small2676
small2676_apache2_c_220,Apache/2.4.7,52.39.163.150,11510,220,11.929,10000,0,117830000,115100000,838.27,262.445,1.193,9645.86,small2676
small2676_apache2_c_230,Apache/2.4.7,52.39.163.150,11510,230,11.153,10000,0,117830000,115100000,896.58,256.530,1.115,10316.81,small2676
small2676_apache2_c_240,Apache/2.4.7,52.39.163.150,11510,240,10.300,10000,0,117830000,115100000,970.88,247.199,1.030,11171.75,small2676
small2676_apache2_c_250,Apache/2.4.7,52.39.163.150,11510,250,11.509,10000,0,117830000,115100000,868.85,287.736,1.151,9997.73,small2676
small2676_apache2_c_260,Apache/2.4.7,52.39.163.150,11510,260,10.738,10000,0,117830000,115100000,931.27,279.190,1.074,10715.93,small2676
small2676_apache2_c_270,Apache/2.4.7,52.39.163.150,11510,270,12.979,10000,0,117830000,115100000,770.46,350.438,1.298,8865.61,small2676
small2676_apache2_c_280,Apache/2.4.7,52.39.163.150,11510,280,10.939,10000,0,117830000,115100000,914.20,306.279,1.094,10519.55,small2676
small2676_apache2_c_290,Apache/2.4.7,52.39.163.150,11510,290,10.906,10000,0,117830000,115100000,916.94,316.270,1.091,10551.07,small2676
small2676_apache2_c_30,Apache/2.4.7,52.39.163.150,11510,30,11.729,10000,0,117830000,115100000,852.58,35.187,1.173,9810.50,small2676
small2676_apache2_c_300,Apache/2.4.7,52.39.163.150,11510,300,10.888,10000,0,117830000,115100000,918.47,326.630,1.089,10568.68,small2676
small2676_apache2_c_310,Apache/2.4.7,52.39.163.150,11510,310,10.626,10000,0,117830000,115100000,941.07,329.411,1.063,10828.77,small2676
small2676_apache2_c_320,Apache/2.4.7,52.39.163.150,11510,320,11.090,10000,0,117830000,115100000,901.69,354.888,1.109,10375.63,small2676
small2676_apache2_c_330,Apache/2.4.7,52.39.163.150,11510,330,14.039,10000,0,117830000,115100000,712.29,463.295,1.404,8196.20,small2676
small2676_apache2_c_340,Apache/2.4.7,52.39.163.150,11510,340,11.437,10000,0,117830000,115100000,874.39,388.845,1.144,10061.41,small2676
small2676_apache2_c_350,Apache/2.4.7,52.39.163.150,11510,350,10.566,10000,0,117830000,115100000,946.43,369.809,1.057,10890.47,small2676
small2676_apache2_c_360,Apache/2.4.7,52.39.163.150,11510,360,10.800,10000,0,117830000,115100000,925.90,388.813,1.080,10654.12,small2676
small2676_apache2_c_370,Apache/2.4.7,52.39.163.150,11510,370,11.504,10000,0,117830000,115100000,869.27,425.642,1.150,10002.60,small2676
small2676_apache2_c_380,Apache/2.4.7,52.39.163.150,11510,380,12.287,10000,0,117830000,115100000,813.88,466.899,1.229,9365.18,small2676
small2676_apache2_c_390,Apache/2.4.7,52.39.163.150,11510,390,11.937,10000,0,117830000,115100000,837.75,465.533,1.194,9639.84,small2676
small2676_apache2_c_40,Apache/2.4.7,52.39.163.150,11510,40,11.461,10000,0,117830000,115100000,872.50,45.845,1.146,10039.67,small2676
small2676_apache2_c_400,Apache/2.4.7,52.39.163.150,11510,400,10.875,10000,0,117830000,115100000,919.56,434.988,1.087,10581.28,small2676
small2676_apache2_c_410,Apache/2.4.7,52.39.163.150,11510,410,10.537,10000,0,117830000,115100000,949.03,432.021,1.054,10920.30,small2676
small2676_apache2_c_420,Apache/2.4.7,52.39.163.150,11510,420,11.240,10000,0,117830000,115100000,889.69,472.076,1.124,10237.49,small2676
small2676_apache2_c_430,Apache/2.4.7,52.39.163.150,11510,430,11.722,10000,0,117830000,115100000,853.13,504.027,1.172,9816.82,small2676
small2676_apache2_c_440,Apache/2.4.7,52.39.163.150,11510,440,11.617,10000,0,117830000,115100000,860.77,511.168,1.162,9904.78,small2676
small2676_apache2_c_450,Apache/2.4.7,52.39.163.150,11510,450,10.652,10000,0,117830000,115100000,938.75,479.360,1.065,10802.07,small2676
small2676_apache2_c_460,Apache/2.4.7,52.39.163.150,11510,460,10.486,10000,0,117830000,115100000,953.62,482.371,1.049,10973.19,small2676
small2676_apache2_c_470,Apache/2.4.7,52.39.163.150,11510,470,11.756,10000,0,117830000,115100000,850.64,552.526,1.176,9788.15,small2676
small2676_apache2_c_480,Apache/2.4.7,52.39.163.150,11510,480,11.674,10000,0,117830000,115100000,856.59,560.364,1.167,9856.60,small2676
small2676_apache2_c_490,Apache/2.4.7,52.39.163.150,11510,490,11.396,10000,0,117830000,115100000,877.49,558.412,1.140,10097.12,small2676
small2676_apache2_c_50,Apache/2.4.7,52.39.163.150,11510,50,10.066,10000,0,117830000,115100000,993.48,50.328,1.007,11431.85,small2676
small2676_apache2_c_500,Apache/2.4.7,52.39.163.150,11510,500,13.057,10000,0,117830000,115100000,765.85,652.870,1.306,8812.51,small2676
small2676_apache2_c_510,Apache/2.4.7,52.39.163.150,11510,510,12.775,10000,0,117830000,115100000,782.78,651.522,1.277,9007.35,small2676
small2676_apache2_c_520,Apache/2.4.7,52.39.163.150,11510,520,10.516,10000,0,117830000,115100000,950.96,546.814,1.052,10942.58,small2676
small2676_apache2_c_530,Apache/2.4.7,52.39.163.150,11510,530,11.921,10000,0,117830000,115100000,838.83,631.830,1.192,9652.31,small2676
small2676_apache2_c_540,Apache/2.4.7,52.39.163.150,11510,540,12.613,10000,0,117830000,115100000,792.82,681.110,1.261,9122.89,small2676
small2676_apache2_c_550,Apache/2.4.7,52.39.163.150,11510,550,11.322,10000,0,117830000,115100000,883.27,622.689,1.132,10163.60,small2676
small2676_apache2_c_560,Apache/2.4.7,52.39.163.150,11510,560,12.029,10000,0,117830000,115100000,831.32,673.631,1.203,9565.81,small2676
small2676_apache2_c_570,Apache/2.4.7,52.39.163.150,11510,570,11.533,10000,0,117830000,115100000,867.04,657.408,1.153,9976.91,small2676
small2676_apache2_c_580,Apache/2.4.7,52.39.163.150,11510,580,13.336,10000,0,117830000,115100000,749.84,773.496,1.334,8628.31,small2676
small2676_apache2_c_590,Apache/2.4.7,52.39.163.150,11510,590,12.564,10000,0,117830000,115100000,795.91,741.291,1.256,9158.39,small2676
small2676_apache2_c_60,Apache/2.4.7,52.39.163.150,11510,60,12.941,10000,0,117830000,115100000,772.72,77.648,1.294,8891.59,small2676
small2676_apache2_c_600,Apache/2.4.7,52.39.163.150,11510,600,11.930,10000,0,117830000,115100000,838.23,715.792,1.193,9645.40,small2676
small2676_apache2_c_610,Apache/2.4.7,52.39.163.150,11510,610,11.378,10000,0,117830000,115100000,878.89,694.061,1.138,10113.19,small2676
small2676_apache2_c_620,Apache/2.4.7,52.39.163.150,11510,620,10.643,10000,0,117830000,115100000,939.58,659.873,1.064,10811.54,small2676
small2676_apache2_c_630,Apache/2.4.7,52.39.163.150,11510,630,13.532,10000,0,117830000,115100000,739.01,852.497,1.353,8503.62,small2676
small2676_apache2_c_640,Apache/2.4.7,52.39.163.150,11510,640,11.206,10000,0,117830000,115100000,892.41,717.159,1.121,10268.82,small2676
small2676_apache2_c_650,Apache/2.4.7,52.39.163.150,11510,650,11.177,10000,0,117830000,115100000,894.72,726.481,1.118,10295.44,small2676
small2676_apache2_c_660,Apache/2.4.7,52.39.163.150,11510,660,11.631,10000,0,117830000,115100000,859.77,767.649,1.163,9893.21,small2676
small2676_apache2_c_670,Apache/2.4.7,52.39.163.150,11510,670,11.149,10000,0,117830000,115100000,896.93,746.989,1.115,10320.88,small2676
small2676_apache2_c_680,Apache/2.4.7,52.39.163.150,11510,680,11.611,10000,0,117830000,115100000,861.24,789.555,1.161,9910.20,small2676
small2676_apache2_c_690,Apache/2.4.7,52.39.163.150,11510,690,13.067,10000,0,117830000,115100000,765.27,901.638,1.307,8805.88,small2676
small2676_apache2_c_70,Apache/2.4.7,52.39.163.150,11510,70,12.190,10000,0,117830000,115100000,820.32,85.332,1.219,9439.33,small2676
small2676_apache2_c_700,Apache/2.4.7,52.39.163.150,11510,700,11.118,10000,0,117830000,115100000,899.42,778.280,1.112,10349.47,small2676
small2676_apache2_c_710,Apache/2.4.7,52.39.163.150,11510,710,11.479,10000,0,117830000,115100000,871.13,815.031,1.148,10023.97,small2676
small2676_apache2_c_720,Apache/2.4.7,52.39.163.150,11510,720,11.278,10000,0,117830000,115100000,886.71,811.992,1.128,10203.21,small2676
small2676_apache2_c_730,Apache/2.4.7,52.39.163.150,11510,730,13.071,10000,0,117830000,115100000,765.04,954.197,1.307,8803.21,small2676
small2676_apache2_c_740,Apache/2.4.7,52.39.163.150,11510,740,15.103,10000,0,117830000,115100000,662.12,1117.617,1.510,7618.94,small2676
small2676_apache2_c_750,Apache/2.4.7,52.39.163.150,11510,750,11.305,10000,0,117830000,115100000,884.58,847.856,1.130,10178.77,small2676
small2676_apache2_c_760,Apache/2.4.7,52.39.163.150,11510,760,12.070,10000,0,117830000,115100000,828.50,917.321,1.207,9533.40,small2676
small2676_apache2_c_770,Apache/2.4.7,52.39.163.150,11510,770,13.141,10000,0,117830000,115100000,761.00,1011.830,1.314,8756.67,small2676
small2676_apache2_c_780,Apache/2.4.7,52.39.163.150,11510,780,12.654,10000,0,117830000,115100000,790.26,987.023,1.265,9093.33,small2676
small2676_apache2_c_790,Apache/2.4.7,52.39.163.150,11510,790,13.178,10000,0,117830000,115100000,758.84,1041.062,1.318,8731.85,small2676
small2676_apache2_c_80,Apache/2.4.7,52.39.163.150,11510,80,10.682,10000,0,117830000,115100000,936.15,85.456,1.068,10772.11,small2676
small2676_apache2_c_800,Apache/2.4.7,52.39.163.150,11510,800,12.635,10000,0,117830000,115100000,791.45,1010.805,1.264,9107.07,small2676
small2676_apache2_c_810,Apache/2.4.7,52.39.163.150,11510,810,12.462,10000,0,117830000,115100000,802.47,1009.385,1.246,9233.88,small2676
small2676_apache2_c_820,Apache/2.4.7,52.39.163.150,11510,820,12.151,10000,0,117830000,115100000,822.96,996.405,1.215,9469.65,small2676
small2676_apache2_c_830,Apache/2.4.7,52.39.163.150,11510,830,15.791,10000,0,117830000,115100000,633.28,1310.637,1.579,7287.05,small2676
small2676_apache2_c_840,Apache/2.4.7,52.39.163.150,11510,840,10.601,10000,0,117830000,115100000,943.34,890.452,1.060,10854.87,small2676
small2676_apache2_c_850,Apache/2.4.7,52.39.163.150,11510,850,12.667,10000,0,117830000,115100000,789.42,1076.735,1.267,9083.77,small2676
small2676_apache2_c_860,Apache/2.4.7,52.39.163.150,11510,860,14.123,10000,0,117830000,115100000,708.04,1214.614,1.412,8147.35,small2676
small2676_apache2_c_870,Apache/2.4.7,52.39.163.150,11510,870,13.421,10000,0,117830000,115100000,745.11,1167.608,1.342,8573.89,small2676
small2676_apache2_c_880,Apache/2.4.7,52.39.163.150,11510,880,12.631,10000,0,117830000,115100000,791.71,1111.519,1.263,9110.07,small2676
small2676_apache2_c_890,Apache/2.4.7,52.39.163.150,11510,890,14.049,10000,0,117830000,115100000,711.77,1250.399,1.405,8190.26,small2676
small2676_apache2_c_90,Apache/2.4.7,52.39.163.150,11510,90,10.674,10000,0,117830000,115100000,936.89,96.062,1.067,10780.66,small2676
small2676_apache2_c_900,Apache/2.4.7,52.39.163.150,11510,900,12.187,10000,0,117830000,115100000,820.52,1096.861,1.219,9441.63,small2676
small2676_apache2_c_910,Apache/2.4.7,52.39.163.150,11510,910,15.806,10000,0,117830000,115100000,632.69,1438.302,1.581,7280.27,small2676
small2676_apache2_c_920,Apache/2.4.7,52.39.163.150,11510,920,17.742,10000,0,117830000,115100000,563.63,1632.282,1.774,6485.58,small2676
small2676_apache2_c_930,Apache/2.4.7,52.39.163.150,11510,930,18.235,10000,0,117830000,115100000,548.38,1695.900,1.824,6310.13,small2676
small2676_apache2_c_940,Apache/2.4.7,52.39.163.150,11510,940,20.411,10000,0,117830000,115100000,489.92,1918.675,2.041,5637.45,small2676
small2676_apache2_c_950,small2676
small2676_apache2_c_960,Apache/2.4.7,52.39.163.150,11510,960,16.127,10000,0,117830000,115100000,620.07,1548.209,1.613,7135.06,small2676
small2676_apache2_c_970,Apache/2.4.7,52.39.163.150,11510,970,15.223,10000,0,117830000,115100000,656.91,1476.616,1.522,7558.93,small2676
small2676_apache2_c_980,Apache/2.4.7,52.39.163.150,11510,980,12.947,10000,0,117830000,115100000,772.36,1268.835,1.295,8887.44,small2676
small2676_apache2_c_990,Apache/2.4.7,52.39.163.150,11510,990,16.295,10000,0,117830000,115100000,613.70,1613.166,1.629,7061.75,small2676
small2676_lighttpd_c_10,small2676
small2676_lighttpd_c_100,small2676
small2676_lighttpd_c_1000,small2676
small2676_lighttpd_c_110,small2676
small2676_lighttpd_c_120,small2676
small2676_lighttpd_c_130,small2676
small2676_lighttpd_c_140,small2676
small2676_lighttpd_c_150,small2676
small2676_lighttpd_c_160,small2676
small2676_lighttpd_c_170,small2676
small2676_lighttpd_c_180,small2676
small2676_lighttpd_c_190,small2676
small2676_lighttpd_c_20,small2676
small2676_lighttpd_c_200,small2676
small2676_lighttpd_c_210,small2676
small2676_lighttpd_c_220,small2676
small2676_lighttpd_c_230,small2676
small2676_lighttpd_c_240,small2676
small2676_lighttpd_c_250,small2676
small2676_lighttpd_c_260,small2676
small2676_lighttpd_c_270,small2676
small2676_lighttpd_c_280,small2676
small2676_lighttpd_c_290,small2676
small2676_lighttpd_c_30,small2676
small2676_lighttpd_c_300,small2676
small2676_lighttpd_c_310,small2676
small2676_lighttpd_c_320,small2676
small2676_lighttpd_c_330,small2676
small2676_lighttpd_c_340,small2676
small2676_lighttpd_c_350,small2676
small2676_lighttpd_c_360,small2676
small2676_lighttpd_c_370,small2676
small2676_lighttpd_c_380,small2676
small2676_lighttpd_c_390,small2676
small2676_lighttpd_c_40,small2676
small2676_lighttpd_c_400,small2676
small2676_lighttpd_c_410,small2676
small2676_lighttpd_c_420,small2676
small2676_lighttpd_c_430,small2676
small2676_lighttpd_c_440,small2676
small2676_lighttpd_c_450,small2676
small2676_lighttpd_c_460,small2676
small2676_lighttpd_c_470,small2676
small2676_lighttpd_c_480,small2676
small2676_lighttpd_c_490,small2676
small2676_lighttpd_c_50,small2676
small2676_lighttpd_c_500,small2676
small2676_lighttpd_c_510,small2676
small2676_lighttpd_c_520,small2676
small2676_lighttpd_c_530,small2676
small2676_lighttpd_c_540,small2676
small2676_lighttpd_c_550,small2676
small2676_lighttpd_c_560,small2676
small2676_lighttpd_c_570,small2676
small2676_lighttpd_c_580,small2676
small2676_lighttpd_c_590,small2676
small2676_lighttpd_c_60,small2676
small2676_lighttpd_c_600,small2676
small2676_lighttpd_c_610,small2676
small2676_lighttpd_c_620,small2676
small2676_lighttpd_c_630,small2676
small2676_lighttpd_c_640,small2676
small2676_lighttpd_c_650,small2676
small2676_lighttpd_c_660,small2676
small2676_lighttpd_c_670,small2676
small2676_lighttpd_c_680,small2676
small2676_lighttpd_c_690,small2676
small2676_lighttpd_c_70,small2676
small2676_lighttpd_c_700,small2676
small2676_lighttpd_c_710,small2676
small2676_lighttpd_c_720,small2676
small2676_lighttpd_c_730,small2676
small2676_lighttpd_c_740,small2676
small2676_lighttpd_c_750,small2676
small2676_lighttpd_c_760,small2676
small2676_lighttpd_c_770,small2676
small2676_lighttpd_c_780,small2676
small2676_lighttpd_c_790,small2676
small2676_lighttpd_c_80,small2676
small2676_lighttpd_c_800,small2676
small2676_lighttpd_c_810,small2676
small2676_lighttpd_c_820,small2676
small2676_lighttpd_c_830,small2676
small2676_lighttpd_c_840,small2676
small2676_lighttpd_c_850,small2676
small2676_lighttpd_c_860,small2676
small2676_lighttpd_c_870,small2676
small2676_lighttpd_c_880,small2676
small2676_lighttpd_c_890,small2676
small2676_lighttpd_c_90,small2676
small2676_lighttpd_c_900,small2676
small2676_lighttpd_c_910,small2676
small2676_lighttpd_c_920,small2676
small2676_lighttpd_c_930,small2676
small2676_lighttpd_c_940,small2676
small2676_lighttpd_c_950,small2676
small2676_lighttpd_c_960,small2676
small2676_lighttpd_c_970,small2676
small2676_lighttpd_c_980,small2676
small2676_lighttpd_c_990,small2676
small2676_nginx_c_10,nginx/1.4.6,52.39.163.150,612,1,3.189,1000,0,853000,612000,313.59,3.189,3.189,261.22,small2676
small2676_nginx_c_100,nginx/1.4.6,52.39.163.150,612,10,0.612,1000,0,853000,612000,1633.20,6.123,0.612,1360.47,small2676
small2676_nginx_c_1000,nginx/1.4.6,52.39.163.150,612,100,0.689,1000,0,853000,612000,1451.27,68.905,0.689,1208.92,small2676
small2676_nginx_c_110,nginx/1.4.6,52.39.163.150,612,11,0.892,1000,0,853000,612000,1120.91,9.813,0.892,933.72,small2676
small2676_nginx_c_120,nginx/1.4.6,52.39.163.150,612,12,0.612,1000,0,853000,612000,1632.91,7.349,0.612,1360.22,small2676
small2676_nginx_c_130,nginx/1.4.6,52.39.163.150,612,13,0.662,1000,0,853000,612000,1510.19,8.608,0.662,1258.00,small2676
small2676_nginx_c_140,nginx/1.4.6,52.39.163.150,612,14,0.712,1000,0,853000,612000,1403.58,9.975,0.712,1169.19,small2676
small2676_nginx_c_150,nginx/1.4.6,52.39.163.150,612,15,0.703,1000,0,853000,612000,1422.44,10.545,0.703,1184.90,small2676
small2676_nginx_c_160,nginx/1.4.6,52.39.163.150,612,16,0.756,1000,0,853000,612000,1322.53,12.098,0.756,1101.68,small2676
small2676_nginx_c_170,nginx/1.4.6,52.39.163.150,612,17,0.703,1000,0,853000,612000,1421.76,11.957,0.703,1184.34,small2676
small2676_nginx_c_180,nginx/1.4.6,52.39.163.150,612,18,0.582,1000,0,853000,612000,1717.31,10.481,0.582,1430.54,small2676
small2676_nginx_c_190,nginx/1.4.6,52.39.163.150,612,19,0.606,1000,0,853000,612000,1651.52,11.505,0.606,1375.73,small2676
small2676_nginx_c_20,nginx/1.4.6,52.39.163.150,612,2,1.891,1000,0,853000,612000,528.89,3.782,1.891,440.57,small2676
small2676_nginx_c_200,nginx/1.4.6,52.39.163.150,612,20,0.611,1000,0,853000,612000,1636.77,12.219,0.611,1363.44,small2676
small2676_nginx_c_210,nginx/1.4.6,52.39.163.150,612,21,0.616,1000,0,853000,612000,1623.03,12.939,0.616,1351.99,small2676
small2676_nginx_c_220,nginx/1.4.6,52.39.163.150,612,22,0.755,1000,0,853000,612000,1324.16,16.614,0.755,1103.04,small2676
small2676_nginx_c_230,nginx/1.4.6,52.39.163.150,612,23,0.736,1000,0,853000,612000,1357.87,16.938,0.736,1131.12,small2676
small2676_nginx_c_240,nginx/1.4.6,52.39.163.150,612,24,1.005,1000,0,853000,612000,995.48,24.109,1.005,829.25,small2676
small2676_nginx_c_250,nginx/1.4.6,52.39.163.150,612,25,0.733,1000,0,853000,612000,1364.97,18.315,0.733,1137.03,small2676
small2676_nginx_c_260,nginx/1.4.6,52.39.163.150,612,26,0.617,1000,0,853000,612000,1619.97,16.050,0.617,1349.45,small2676
small2676_nginx_c_270,nginx/1.4.6,52.39.163.150,612,27,0.578,1000,0,853000,612000,1728.81,15.618,0.578,1440.12,small2676
small2676_nginx_c_280,nginx/1.4.6,52.39.163.150,612,28,0.639,1000,0,853000,612000,1565.54,17.885,0.639,1304.10,small2676
small2676_nginx_c_290,nginx/1.4.6,52.39.163.150,612,29,0.739,1000,0,853000,612000,1352.87,21.436,0.739,1126.95,small2676
small2676_nginx_c_30,nginx/1.4.6,52.39.163.150,612,3,8.320,1000,0,853000,612000,120.19,24.961,8.320,100.12,small2676
small2676_nginx_c_300,nginx/1.4.6,52.39.163.150,612,30,0.726,1000,0,853000,612000,1377.91,21.772,0.726,1147.81,small2676
small2676_nginx_c_310,nginx/1.4.6,52.39.163.150,612,31,0.726,1000,0,853000,612000,1377.25,22.509,0.726,1147.26,small2676
small2676_nginx_c_320,nginx/1.4.6,52.39.163.150,612,32,0.740,1000,0,853000,612000,1351.69,23.674,0.740,1125.97,small2676
small2676_nginx_c_330,nginx/1.4.6,52.39.163.150,612,33,0.676,1000,0,853000,612000,1478.43,22.321,0.676,1231.55,small2676
small2676_nginx_c_340,nginx/1.4.6,52.39.163.150,612,34,0.670,1000,0,853000,612000,1493.49,22.766,0.670,1244.09,small2676
small2676_nginx_c_350,nginx/1.4.6,52.39.163.150,612,35,0.740,1000,0,853000,612000,1351.50,25.897,0.740,1125.81,small2676
small2676_nginx_c_360,nginx/1.4.6,52.39.163.150,612,36,0.785,1000,0,853000,612000,1274.59,28.244,0.785,1061.74,small2676
small2676_nginx_c_370,nginx/1.4.6,52.39.163.150,612,37,0.816,1000,0,853000,612000,1225.83,30.184,0.816,1021.12,small2676
small2676_nginx_c_380,nginx/1.4.6,52.39.163.150,612,38,0.733,1000,0,853000,612000,1363.85,27.862,0.733,1136.09,small2676
small2676_nginx_c_390,nginx/1.4.6,52.39.163.150,612,39,0.733,1000,0,853000,612000,1363.55,28.602,0.733,1135.84,small2676
small2676_nginx_c_40,nginx/1.4.6,52.39.163.150,612,4,1.030,1000,0,853000,612000,970.46,4.122,1.030,808.40,small2676
small2676_nginx_c_400,nginx/1.4.6,52.39.163.150,612,40,0.701,1000,0,853000,612000,1426.65,28.038,0.701,1188.41,small2676
small2676_nginx_c_410,nginx/1.4.6,52.39.163.150,612,41,0.637,1000,0,853000,612000,1568.68,26.137,0.637,1306.72,small2676
small2676_nginx_c_420,nginx/1.4.6,52.39.163.150,612,42,0.725,1000,0,853000,612000,1378.97,30.457,0.725,1148.70,small2676
small2676_nginx_c_430,nginx/1.4.6,52.39.163.150,612,43,0.640,1000,0,853000,612000,1561.37,27.540,0.640,1300.64,small2676
small2676_nginx_c_440,nginx/1.4.6,52.39.163.150,612,44,0.594,1000,0,853000,612000,1683.19,26.141,0.594,1402.11,small2676
small2676_nginx_c_450,nginx/1.4.6,52.39.163.150,612,45,0.605,1000,0,853000,612000,1653.80,27.210,0.605,1377.63,small2676
small2676_nginx_c_460,nginx/1.4.6,52.39.163.150,612,46,0.580,1000,0,853000,612000,1724.08,26.681,0.580,1436.17,small2676
small2676_nginx_c_470,nginx/1.4.6,52.39.163.150,612,47,0.574,1000,0,853000,612000,1742.47,26.973,0.574,1451.49,small2676
small2676_nginx_c_480,nginx/1.4.6,52.39.163.150,612,48,0.727,1000,0,853000,612000,1376.27,34.877,0.727,1146.44,small2676
small2676_nginx_c_490,nginx/1.4.6,52.39.163.150,612,49,0.728,1000,0,853000,612000,1372.81,35.693,0.728,1143.56,small2676
small2676_nginx_c_50,nginx/1.4.6,52.39.163.150,612,5,0.939,1000,0,853000,612000,1065.47,4.693,0.939,887.54,small2676
small2676_nginx_c_500,nginx/1.4.6,52.39.163.150,612,50,0.759,1000,0,853000,612000,1317.51,37.950,0.759,1097.50,small2676
small2676_nginx_c_510,nginx/1.4.6,52.39.163.150,612,51,0.751,1000,0,853000,612000,1332.35,38.278,0.751,1109.86,small2676
small2676_nginx_c_520,nginx/1.4.6,52.39.163.150,612,52,0.736,1000,0,853000,612000,1358.86,38.267,0.736,1131.94,small2676
small2676_nginx_c_530,nginx/1.4.6,52.39.163.150,612,53,0.736,1000,0,853000,612000,1358.73,39.007,0.736,1131.83,small2676
small2676_nginx_c_540,nginx/1.4.6,52.39.163.150,612,54,0.721,1000,0,853000,612000,1387.57,38.917,0.721,1155.85,small2676
small2676_nginx_c_550,nginx/1.4.6,52.39.163.150,612,55,0.596,1000,0,853000,612000,1678.90,32.760,0.596,1398.54,small2676
small2676_nginx_c_560,nginx/1.4.6,52.39.163.150,612,56,0.586,1000,0,853000,612000,1707.70,32.793,0.586,1422.52,small2676
small2676_nginx_c_570,nginx/1.4.6,52.39.163.150,612,57,0.592,1000,0,853000,612000,1689.77,33.732,0.592,1407.59,small2676
small2676_nginx_c_580,nginx/1.4.6,52.39.163.150,612,58,0.537,1000,0,853000,612000,1860.53,31.174,0.537,1549.83,small2676
small2676_nginx_c_590,nginx/1.4.6,52.39.163.150,612,59,0.552,1000,0,853000,612000,1811.59,32.568,0.552,1509.07,small2676
small2676_nginx_c_60,nginx/1.4.6,52.39.163.150,612,6,0.834,1000,0,853000,612000,1199.11,5.004,0.834,998.86,small2676
small2676_nginx_c_600,nginx/1.4.6,52.39.163.150,612,60,0.556,1000,0,853000,612000,1799.58,33.341,0.556,1499.06,small2676
small2676_nginx_c_610,nginx/1.4.6,52.39.163.150,612,61,0.599,1000,0,853000,612000,1669.01,36.549,0.599,1390.30,small2676
small2676_nginx_c_620,nginx/1.4.6,52.39.163.150,612,62,0.557,1000,0,853000,612000,1795.04,34.540,0.557,1495.28,small2676
small2676_nginx_c_630,nginx/1.4.6,52.39.163.150,612,63,0.573,1000,0,853000,612000,1746.11,36.080,0.573,1454.52,small2676
small2676_nginx_c_640,nginx/1.4.6,52.39.163.150,612,64,0.586,1000,0,853000,612000,1705.93,37.516,0.586,1421.05,small2676
small2676_nginx_c_650,nginx/1.4.6,52.39.163.150,612,65,0.569,1000,0,853000,612000,1756.99,36.995,0.569,1463.58,small2676
small2676_nginx_c_660,nginx/1.4.6,52.39.163.150,612,66,0.579,1000,0,853000,612000,1726.49,38.228,0.579,1438.18,small2676
small2676_nginx_c_670,nginx/1.4.6,52.39.163.150,612,67,0.617,1000,0,853000,612000,1620.22,41.352,0.617,1349.65,small2676
small2676_nginx_c_680,nginx/1.4.6,52.39.163.150,612,68,0.716,1000,0,853000,612000,1397.16,48.670,0.716,1163.84,small2676
small2676_nginx_c_690,nginx/1.4.6,52.39.163.150,612,69,0.697,1000,0,853000,612000,1435.19,48.077,0.697,1195.53,small2676
small2676_nginx_c_70,nginx/1.4.6,52.39.163.150,612,7,0.798,1000,0,853000,612000,1253.52,5.584,0.798,1044.19,small2676
small2676_nginx_c_700,nginx/1.4.6,52.39.163.150,612,70,0.543,1000,0,853000,612000,1841.58,38.011,0.543,1534.05,small2676
small2676_nginx_c_710,nginx/1.4.6,52.39.163.150,612,71,0.531,1000,0,853000,612000,1881.91,37.728,0.531,1567.64,small2676
small2676_nginx_c_720,nginx/1.4.6,52.39.163.150,612,72,0.739,1000,0,853000,612000,1352.69,53.227,0.739,1126.80,small2676
small2676_nginx_c_730,nginx/1.4.6,52.39.163.150,612,73,0.613,1000,0,853000,612000,1632.25,44.724,0.613,1359.68,small2676
small2676_nginx_c_740,nginx/1.4.6,52.39.163.150,612,74,0.566,1000,0,853000,612000,1768.00,41.855,0.566,1472.76,small2676
small2676_nginx_c_750,nginx/1.4.6,52.39.163.150,612,75,0.535,1000,0,853000,612000,1870.59,40.094,0.535,1558.22,small2676
small2676_nginx_c_760,nginx/1.4.6,52.39.163.150,612,76,0.608,1000,0,853000,612000,1645.98,46.173,0.608,1371.11,small2676
small2676_nginx_c_770,nginx/1.4.6,52.39.163.150,612,77,0.536,1000,0,853000,612000,1866.40,41.256,0.536,1554.73,small2676
small2676_nginx_c_780,nginx/1.4.6,52.39.163.150,612,78,0.526,1000,0,853000,612000,1901.08,41.029,0.526,1583.61,small2676
small2676_nginx_c_790,nginx/1.4.6,52.39.163.150,612,79,0.536,1000,0,853000,612000,1865.16,42.356,0.536,1553.69,small2676
small2676_nginx_c_80,nginx/1.4.6,52.39.163.150,612,8,0.647,1000,0,853000,612000,1546.34,5.173,0.647,1288.12,small2676
small2676_nginx_c_800,nginx/1.4.6,52.39.163.150,612,80,0.547,1000,0,853000,612000,1829.03,43.739,0.547,1523.60,small2676
small2676_nginx_c_810,nginx/1.4.6,52.39.163.150,612,81,0.557,1000,0,853000,612000,1793.76,45.157,0.557,1494.22,small2676
small2676_nginx_c_820,nginx/1.4.6,52.39.163.150,612,82,0.555,1000,0,853000,612000,1801.72,45.512,0.555,1500.84,small2676
small2676_nginx_c_830,nginx/1.4.6,52.39.163.150,612,83,0.560,1000,0,853000,612000,1784.52,46.511,0.560,1486.52,small2676
small2676_nginx_c_840,nginx/1.4.6,52.39.163.150,612,84,0.549,1000,0,853000,612000,1820.52,46.141,0.549,1516.51,small2676
small2676_nginx_c_850,nginx/1.4.6,52.39.163.150,612,85,0.552,1000,0,853000,612000,1811.05,46.934,0.552,1508.62,small2676
small2676_nginx_c_860,nginx/1.4.6,52.39.163.150,612,86,0.727,1000,0,853000,612000,1374.84,62.553,0.727,1145.26,small2676
small2676_nginx_c_870,nginx/1.4.6,52.39.163.150,612,87,0.594,1000,0,853000,612000,1682.39,51.712,0.594,1401.44,small2676
small2676_nginx_c_880,nginx/1.4.6,52.39.163.150,612,88,0.573,1000,0,853000,612000,1746.15,50.396,0.573,1454.56,small2676
small2676_nginx_c_890,nginx/1.4.6,52.39.163.150,612,89,0.536,1000,0,853000,612000,1865.00,47.721,0.536,1553.56,small2676
small2676_nginx_c_90,nginx/1.4.6,52.39.163.150,612,9,0.688,1000,0,853000,612000,1453.84,6.191,0.688,1211.06,small2676
small2676_nginx_c_900,nginx/1.4.6,52.39.163.150,612,90,0.546,1000,0,853000,612000,1831.92,49.129,0.546,1526.01,small2676
small2676_nginx_c_910,nginx/1.4.6,52.39.163.150,612,91,0.528,1000,0,853000,612000,1895.52,48.008,0.528,1578.98,small2676
small2676_nginx_c_920,nginx/1.4.6,52.39.163.150,612,92,0.531,1000,0,853000,612000,1882.20,48.879,0.531,1567.88,small2676
small2676_nginx_c_930,nginx/1.4.6,52.39.163.150,612,93,0.540,1000,0,853000,612000,1852.94,50.190,0.540,1543.52,small2676
small2676_nginx_c_940,nginx/1.4.6,52.39.163.150,612,94,0.527,1000,0,853000,612000,1896.04,49.577,0.527,1579.42,small2676
small2676_nginx_c_950,nginx/1.4.6,52.39.163.150,612,95,0.587,1000,0,853000,612000,1703.04,55.783,0.587,1418.64,small2676
small2676_nginx_c_960,nginx/1.4.6,52.39.163.150,612,96,0.820,1000,0,853000,612000,1219.50,78.721,0.820,1015.85,small2676
small2676_nginx_c_970,nginx/1.4.6,52.39.163.150,612,97,0.680,1000,0,853000,612000,1471.59,65.915,0.680,1225.85,small2676
small2676_nginx_c_980,nginx/1.4.6,52.39.163.150,612,98,0.520,1000,0,853000,612000,1924.84,50.913,0.520,1603.40,small2676
small2676_nginx_c_990,nginx/1.4.6,52.39.163.150,612,99,0.640,1000,0,853000,612000,1561.77,63.390,0.640,1300.96,small2676
