filename, server, serverIP, doclength, concurrency, time, compreq, failreq, tottran, htmltran, reqpersec, timeperreqall, timeperreq, transrate, type
micro1_apache2_c_10, Apache/2.4.7, 54.186.41.160, 11510, 10, 8.204, 10000, 0, 117830000, 115100000, 1218.92, 8.204, 0.820, 14025.93, micro1
micro1_apache2_c_100, Apache/2.4.7, 54.186.41.160, 11510, 100, 7.224, 10000, 0, 117830000, 115100000, 1384.20, 72.244, 0.722, 15927.71, micro1
micro1_apache2_c_1000, Apache/2.4.7, 54.186.41.160, 11510, 1000, 21.679, 10000, 0, 117830000, 115100000, 461.27, 2167.910, 2.168, 5307.80, micro1
micro1_apache2_c_110, Apache/2.4.7, 54.186.41.160, 11510, 110, 7.708, 10000, 0, 117830000, 115100000, 1297.42, 84.783, 0.771, 14929.25, micro1
micro1_apache2_c_120, Apache/2.4.7, 54.186.41.160, 11510, 120, 8.957, 10000, 0, 117830000, 115100000, 1116.49, 107.480, 0.896, 12847.25, micro1
micro1_apache2_c_130, Apache/2.4.7, 54.186.41.160, 11510, 130, 8.118, 10000, 0, 117830000, 115100000, 1231.81, 105.535, 0.812, 14174.27, micro1
micro1_apache2_c_140, Apache/2.4.7, 54.186.41.160, 11510, 140, 8.176, 10000, 0, 117830000, 115100000, 1223.05, 114.468, 0.818, 14073.39, micro1
micro1_apache2_c_150, Apache/2.4.7, 54.186.41.160, 11510, 150, 9.829, 10000, 0, 117830000, 115100000, 1017.44, 147.429, 0.983, 11707.52, micro1
micro1_apache2_c_160, Apache/2.4.7, 54.186.41.160, 11510, 160, 9.965, 10000, 0, 117830000, 115100000, 1003.52, 159.439, 0.996, 11547.32, micro1
micro1_apache2_c_170, Apache/2.4.7, 54.186.41.160, 11510, 170, 9.551, 10000, 0, 117830000, 115100000, 1047.02, 162.366, 0.955, 12047.85, micro1
micro1_apache2_c_180, Apache/2.4.7, 54.186.41.160, 11510, 180, 8.446, 10000, 0, 117830000, 115100000, 1183.99, 152.028, 0.845, 13623.98, micro1
micro1_apache2_c_190, Apache/2.4.7, 54.186.41.160, 11510, 190, 8.053, 10000, 0, 117830000, 115100000, 1241.74, 153.011, 0.805, 14288.55, micro1
micro1_apache2_c_20, Apache/2.4.7, 54.186.41.160, 11510, 20, 8.031, 10000, 0, 117830000, 115100000, 1245.12, 16.063, 0.803, 14327.35, micro1
micro1_apache2_c_200, Apache/2.4.7, 54.186.41.160, 11510, 200, 7.956, 10000, 0, 117830000, 115100000, 1256.86, 159.127, 0.796, 14462.47, micro1
micro1_apache2_c_210, Apache/2.4.7, 54.186.41.160, 11510, 210, 9.199, 10000, 0, 117830000, 115100000, 1087.04, 193.185, 0.920, 12508.38, micro1
micro1_apache2_c_220, Apache/2.4.7, 54.186.41.160, 11510, 220, 8.823, 10000, 0, 117830000, 115100000, 1133.40, 194.107, 0.882, 13041.83, micro1
micro1_apache2_c_230, Apache/2.4.7, 54.186.41.160, 11510, 230, 8.520, 10000, 0, 117830000, 115100000, 1173.70, 195.961, 0.852, 13505.58, micro1
micro1_apache2_c_240, Apache/2.4.7, 54.186.41.160, 11510, 240, 8.532, 10000, 0, 117830000, 115100000, 1172.04, 204.771, 0.853, 13486.46, micro1
micro1_apache2_c_250, Apache/2.4.7, 54.186.41.160, 11510, 250, 8.492, 10000, 0, 117830000, 115100000, 1177.56, 212.303, 0.849, 13550.03, micro1
micro1_apache2_c_260, Apache/2.4.7, 54.186.41.160, 11510, 260, 8.246, 10000, 0, 117830000, 115100000, 1212.70, 214.398, 0.825, 13954.33, micro1
micro1_apache2_c_270, Apache/2.4.7, 54.186.41.160, 11510, 270, 8.379, 10000, 0, 117830000, 115100000, 1193.46, 226.232, 0.838, 13732.99, micro1
micro1_apache2_c_280, Apache/2.4.7, 54.186.41.160, 11510, 280, 8.318, 10000, 0, 117830000, 115100000, 1202.19, 232.908, 0.832, 13833.42, micro1
micro1_apache2_c_290, Apache/2.4.7, 54.186.41.160, 11510, 290, 8.682, 10000, 0, 117830000, 115100000, 1151.80, 251.779, 0.868, 13253.59, micro1
micro1_apache2_c_30, Apache/2.4.7, 54.186.41.160, 11510, 30, 7.957, 10000, 0, 117830000, 115100000, 1256.77, 23.871, 0.796, 14461.44, micro1
micro1_apache2_c_300, Apache/2.4.7, 54.186.41.160, 11510, 300, 8.627, 10000, 0, 117830000, 115100000, 1159.10, 258.820, 0.863, 13337.63, micro1
micro1_apache2_c_310, Apache/2.4.7, 54.186.41.160, 11510, 310, 8.333, 10000, 0, 117830000, 115100000, 1200.05, 258.324, 0.833, 13808.73, micro1
micro1_apache2_c_320, Apache/2.4.7, 54.186.41.160, 11510, 320, 8.278, 10000, 0, 117830000, 115100000, 1208.07, 264.886, 0.828, 13901.03, micro1
micro1_apache2_c_330, Apache/2.4.7, 54.186.41.160, 11510, 330, 7.629, 10000, 0, 117830000, 115100000, 1310.73, 251.769, 0.763, 15082.30, micro1
micro1_apache2_c_340, Apache/2.4.7, 54.186.41.160, 11510, 340, 6.877, 10000, 0, 117830000, 115100000, 1454.21, 233.804, 0.688, 16733.36, micro1
micro1_apache2_c_350, Apache/2.4.7, 54.186.41.160, 11510, 350, 6.994, 10000, 0, 117830000, 115100000, 1429.73, 244.801, 0.699, 16451.72, micro1
micro1_apache2_c_360, Apache/2.4.7, 54.186.41.160, 11510, 360, 6.889, 10000, 0, 117830000, 115100000, 1451.50, 248.019, 0.689, 16702.21, micro1
micro1_apache2_c_370, Apache/2.4.7, 54.186.41.160, 11510, 370, 7.811, 10000, 0, 117830000, 115100000, 1280.19, 289.020, 0.781, 14730.89, micro1
micro1_apache2_c_380, Apache/2.4.7, 54.186.41.160, 11510, 380, 8.205, 10000, 0, 117830000, 115100000, 1218.71, 311.804, 0.821, 14023.54, micro1
micro1_apache2_c_390, Apache/2.4.7, 54.186.41.160, 11510, 390, 8.746, 10000, 0, 117830000, 115100000, 1143.41, 341.084, 0.875, 13157.08, micro1
micro1_apache2_c_40, Apache/2.4.7, 54.186.41.160, 11510, 40, 8.348, 10000, 0, 117830000, 115100000, 1197.84, 33.394, 0.835, 13783.30, micro1
micro1_apache2_c_400, Apache/2.4.7, 54.186.41.160, 11510, 400, 8.654, 10000, 0, 117830000, 115100000, 1155.47, 346.180, 0.865, 13295.79, micro1
micro1_apache2_c_410, Apache/2.4.7, 54.186.41.160, 11510, 410, 8.425, 10000, 0, 117830000, 115100000, 1186.89, 345.442, 0.843, 13657.29, micro1
micro1_apache2_c_420, Apache/2.4.7, 54.186.41.160, 11510, 420, 8.689, 10000, 0, 117830000, 115100000, 1150.94, 364.918, 0.869, 13243.73, micro1
micro1_apache2_c_430, Apache/2.4.7, 54.186.41.160, 11510, 430, 8.367, 10000, 0, 117830000, 115100000, 1195.17, 359.782, 0.837, 13752.61, micro1
micro1_apache2_c_440, Apache/2.4.7, 54.186.41.160, 11510, 440, 10.595, 10000, 0, 117830000, 115100000, 943.89, 466.158, 1.059, 10861.14, micro1
micro1_apache2_c_450, Apache/2.4.7, 54.186.41.160, 11510, 450, 8.694, 10000, 0, 117830000, 115100000, 1150.20, 391.238, 0.869, 13235.12, micro1
micro1_apache2_c_460, Apache/2.4.7, 54.186.41.160, 11510, 460, 9.200, 10000, 0, 117830000, 115100000, 1087.00, 423.183, 0.920, 12507.93, micro1
micro1_apache2_c_470, Apache/2.4.7, 54.186.41.160, 11510, 470, 8.202, 10000, 0, 117830000, 115100000, 1219.22, 385.492, 0.820, 14029.38, micro1
micro1_apache2_c_480, Apache/2.4.7, 54.186.41.160, 11510, 480, 7.297, 10000, 0, 117830000, 115100000, 1370.52, 350.233, 0.730, 15770.31, micro1
micro1_apache2_c_490, Apache/2.4.7, 54.186.41.160, 11510, 490, 8.417, 10000, 0, 117830000, 115100000, 1188.14, 412.411, 0.842, 13671.69, micro1
micro1_apache2_c_50, Apache/2.4.7, 54.186.41.160, 11510, 50, 8.094, 10000, 0, 117830000, 115100000, 1235.47, 40.470, 0.809, 14216.38, micro1
micro1_apache2_c_500, Apache/2.4.7, 54.186.41.160, 11510, 500, 8.415, 10000, 0, 117830000, 115100000, 1188.37, 420.746, 0.841, 13674.33, micro1
micro1_apache2_c_510, Apache/2.4.7, 54.186.41.160, 11510, 510, 8.261, 10000, 0, 117830000, 115100000, 1210.56, 421.292, 0.826, 13929.74, micro1
micro1_apache2_c_520, Apache/2.4.7, 54.186.41.160, 11510, 520, 8.250, 10000, 0, 117830000, 115100000, 1212.06, 429.022, 0.825, 13946.98, micro1
micro1_apache2_c_530, Apache/2.4.7, 54.186.41.160, 11510, 530, 7.771, 10000, 0, 117830000, 115100000, 1286.85, 411.859, 0.777, 14807.55, micro1
micro1_apache2_c_540, Apache/2.4.7, 54.186.41.160, 11510, 540, 7.645, 10000, 0, 117830000, 115100000, 1308.05, 412.829, 0.764, 15051.49, micro1
micro1_apache2_c_550, Apache/2.4.7, 54.186.41.160, 11510, 550, 7.250, 10000, 0, 117830000, 115100000, 1379.38, 398.731, 0.725, 15872.26, micro1
micro1_apache2_c_560, Apache/2.4.7, 54.186.41.160, 11510, 560, 8.173, 10000, 0, 117830000, 115100000, 1223.58, 457.672, 0.817, 14079.58, micro1
micro1_apache2_c_570, Apache/2.4.7, 54.186.41.160, 11510, 570, 9.073, 10000, 0, 117830000, 115100000, 1102.19, 517.153, 0.907, 12682.70, micro1
micro1_apache2_c_580, Apache/2.4.7, 54.186.41.160, 11510, 580, 10.162, 10000, 0, 117830000, 115100000, 984.07, 589.388, 1.016, 11323.55, micro1
micro1_apache2_c_590, Apache/2.4.7, 54.186.41.160, 11510, 590, 10.262, 10000, 0, 117830000, 115100000, 974.43, 605.482, 1.026, 11212.61, micro1
micro1_apache2_c_60, Apache/2.4.7, 54.186.41.160, 11510, 60, 8.152, 10000, 0, 117830000, 115100000, 1226.62, 48.915, 0.815, 14114.52, micro1
micro1_apache2_c_600, Apache/2.4.7, 54.186.41.160, 11510, 600, 9.617, 10000, 0, 117830000, 115100000, 1039.82, 577.023, 0.962, 11965.05, micro1
micro1_apache2_c_610, Apache/2.4.7, 54.186.41.160, 11510, 610, 9.486, 10000, 0, 117830000, 115100000, 1054.22, 578.629, 0.949, 12130.70, micro1
micro1_apache2_c_620, Apache/2.4.7, 54.186.41.160, 11510, 620, 9.389, 10000, 0, 117830000, 115100000, 1065.04, 582.136, 0.939, 12255.28, micro1
micro1_apache2_c_630, Apache/2.4.7, 54.186.41.160, 11510, 630, 10.706, 10000, 0, 117830000, 115100000, 934.08, 674.464, 1.071, 10748.26, micro1
micro1_apache2_c_640, Apache/2.4.7, 54.186.41.160, 11510, 640, 9.761, 10000, 0, 117830000, 115100000, 1024.46, 624.720, 0.976, 11788.28, micro1
micro1_apache2_c_650, Apache/2.4.7, 54.186.41.160, 11510, 650, 8.559, 10000, 0, 117830000, 115100000, 1168.33, 556.348, 0.856, 13443.81, micro1
micro1_apache2_c_660, Apache/2.4.7, 54.186.41.160, 11510, 660, 11.080, 10000, 0, 117830000, 115100000, 902.55, 731.263, 1.108, 10385.47, micro1
micro1_apache2_c_670, Apache/2.4.7, 54.186.41.160, 11510, 670, 9.586, 10000, 0, 117830000, 115100000, 1043.19, 642.258, 0.959, 12003.87, micro1
micro1_apache2_c_680, Apache/2.4.7, 54.186.41.160, 11510, 680, 8.824, 10000, 0, 117830000, 115100000, 1133.23, 600.056, 0.882, 13039.86, micro1
micro1_apache2_c_690, Apache/2.4.7, 54.186.41.160, 11510, 690, 9.008, 10000, 0, 117830000, 115100000, 1110.11, 621.561, 0.901, 12773.84, micro1
micro1_apache2_c_70, Apache/2.4.7, 54.186.41.160, 11510, 70, 8.529, 10000, 0, 117830000, 115100000, 1172.43, 59.705, 0.853, 13490.98, micro1
micro1_apache2_c_700, Apache/2.4.7, 54.186.41.160, 11510, 700, 10.918, 10000, 0, 117830000, 115100000, 915.88, 764.292, 1.092, 10538.89, micro1
micro1_apache2_c_710, Apache/2.4.7, 54.186.41.160, 11510, 710, 10.478, 10000, 0, 117830000, 115100000, 954.41, 743.915, 1.048, 10982.24, micro1
micro1_apache2_c_720, Apache/2.4.7, 54.186.41.160, 11510, 720, 10.971, 10000, 0, 117830000, 115100000, 911.52, 789.893, 1.097, 10488.66, micro1
micro1_apache2_c_730, Apache/2.4.7, 54.186.41.160, 11510, 730, 10.610, 10000, 0, 117830000, 115100000, 942.46, 774.566, 1.061, 10844.78, micro1
micro1_apache2_c_740, Apache/2.4.7, 54.186.41.160, 11510, 740, 11.995, 10000, 0, 117830000, 115100000, 833.66, 887.649, 1.200, 9592.82, micro1
micro1_apache2_c_750, Apache/2.4.7, 54.186.41.160, 11510, 750, 10.378, 10000, 0, 117830000, 115100000, 963.55, 778.368, 1.038, 11087.46, micro1
micro1_apache2_c_760, Apache/2.4.7, 54.186.41.160, 11510, 760, 11.249, 10000, 0, 117830000, 115100000, 888.97, 854.921, 1.125, 10229.24, micro1
micro1_apache2_c_770, Apache/2.4.7, 54.186.41.160, 11510, 770, 9.271, 10000, 0, 117830000, 115100000, 1078.67, 713.842, 0.927, 12412.08, micro1
micro1_apache2_c_780, Apache/2.4.7, 54.186.41.160, 11510, 780, 9.212, 10000, 0, 117830000, 115100000, 1085.53, 718.542, 0.921, 12491.03, micro1
micro1_apache2_c_790, Apache/2.4.7, 54.186.41.160, 11510, 790, 13.132, 10000, 0, 117830000, 115100000, 761.49, 1037.438, 1.313, 8762.35, micro1
micro1_apache2_c_80, Apache/2.4.7, 54.186.41.160, 11510, 80, 9.172, 10000, 0, 117830000, 115100000, 1090.30, 73.374, 0.917, 12545.89, micro1
micro1_apache2_c_800, Apache/2.4.7, 54.186.41.160, 11510, 800, 14.133, 10000, 0, 117830000, 115100000, 707.56, 1130.639, 1.413, 8141.83, micro1
micro1_apache2_c_810, Apache/2.4.7, 54.186.41.160, 11510, 810, 21.025, 10000, 0, 117830000, 115100000, 475.63, 1703.009, 2.102, 5472.98, micro1
micro1_apache2_c_820, Apache/2.4.7, 54.186.41.160, 11510, 820, 36.075, 10000, 0, 117830000, 115100000, 277.20, 2958.118, 3.607, 3189.73, micro1
micro1_apache2_c_890, Apache/2.4.7, 54.186.41.160, 11510, 890, 13.302, 10000, 0, 117830000, 115100000, 751.77, 1183.877, 1.330, 8650.46, micro1
micro1_apache2_c_90, Apache/2.4.7, 54.186.41.160, 11510, 90, 7.829, 10000, 0, 117830000, 115100000, 1277.35, 70.458, 0.783, 14698.27, micro1
micro1_apache2_c_900, Apache/2.4.7, 54.186.41.160, 11510, 900, 16.302, 10000, 0, 117830000, 115100000, 613.42, 1467.185, 1.630, 7058.52, micro1
micro1_apache2_c_910, Apache/2.4.7, 54.186.41.160, 11510, 910, 21.673, 10000, 0, 117830000, 115100000, 461.40, 1972.268, 2.167, 5309.23, micro1
micro1_apache2_c_920, Apache/2.4.7, 54.186.41.160, 11510, 920, 12.230, 10000, 0, 117830000, 115100000, 817.68, 1125.135, 1.223, 9408.91, micro1
micro1_apache2_c_930, Apache/2.4.7, 54.186.41.160, 11510, 930, 13.215, 10000, 0, 117830000, 115100000, 756.70, 1229.015, 1.322, 8707.26, micro1
micro1_apache2_c_940, Apache/2.4.7, 54.186.41.160, 11510, 940, 11.697, 10000, 0, 117830000, 115100000, 854.94, 1099.493, 1.170, 9837.65, micro1
micro1_apache2_c_950, Apache/2.4.7, 54.186.41.160, 11510, 950, 23.932, 10000, 0, 117830000, 115100000, 417.84, 2273.584, 2.393, 4808.04, micro1
micro1_apache2_c_990, Apache/2.4.7, 54.186.41.160, 11510, 990, 19.492, 10000, 0, 117830000, 115100000, 513.03, 1929.729, 1.949, 5903.30, micro1
micro1_lighttpd_c_10, lighttpd/1.4.33, 54.186.41.160, 3568, 1, 15.080, 1000, 0, 3826000, 3568000, 66.31, 15.080, 15.080, 247.76, micro1
micro1_lighttpd_c_100, lighttpd/1.4.33, 54.186.41.160, 3568, 10, 3.432, 1000, 0, 3826000, 3568000, 291.38, 34.320, 3.432, 1088.68, micro1
micro1_lighttpd_c_1000, lighttpd/1.4.33, 54.186.41.160, 3568, 100, 2.495, 1000, 0, 3826000, 3568000, 400.74, 249.537, 2.495, 1497.31, micro1
micro1_lighttpd_c_110, lighttpd/1.4.33, 54.186.41.160, 3568, 11, 17.498, 1000, 0, 3826000, 3568000, 57.15, 192.479, 17.498, 213.53, micro1
micro1_lighttpd_c_120, lighttpd/1.4.33, 54.186.41.160, 3568, 12, 2.663, 1000, 0, 3826000, 3568000, 375.47, 31.960, 2.663, 1402.88, micro1
micro1_lighttpd_c_130, lighttpd/1.4.33, 54.186.41.160, 3568, 13, 2.777, 1000, 0, 3826000, 3568000, 360.14, 36.097, 2.777, 1345.61, micro1
micro1_lighttpd_c_140, lighttpd/1.4.33, 54.186.41.160, 3568, 14, 1.812, 1000, 0, 3826000, 3568000, 552.03, 25.361, 1.812, 2062.55, micro1
micro1_lighttpd_c_150, lighttpd/1.4.33, 54.186.41.160, 3568, 15, 9.937, 1000, 0, 3826000, 3568000, 100.64, 149.052, 9.937, 376.01, micro1
micro1_lighttpd_c_160, lighttpd/1.4.33, 54.186.41.160, 3568, 16, 1.660, 1000, 0, 3826000, 3568000, 602.44, 26.559, 1.660, 2250.90, micro1
micro1_lighttpd_c_170, lighttpd/1.4.33, 54.186.41.160, 3568, 17, 2.395, 1000, 0, 3826000, 3568000, 417.49, 40.719, 2.395, 1559.89, micro1
micro1_lighttpd_c_180, lighttpd/1.4.33, 54.186.41.160, 3568, 18, 1.860, 1000, 0, 3826000, 3568000, 537.56, 33.484, 1.860, 2008.52, micro1
micro1_lighttpd_c_190, lighttpd/1.4.33, 54.186.41.160, 3568, 19, 1.901, 1000, 0, 3826000, 3568000, 525.98, 36.123, 1.901, 1965.24, micro1
micro1_lighttpd_c_20, lighttpd/1.4.33, 54.186.41.160, 3568, 2, 2.183, 1000, 0, 3826000, 3568000, 458.03, 4.367, 2.183, 1711.36, micro1
micro1_lighttpd_c_200, lighttpd/1.4.33, 54.186.41.160, 3568, 20, 1.735, 1000, 0, 3826000, 3568000, 576.51, 34.691, 1.735, 2154.04, micro1
micro1_lighttpd_c_210, lighttpd/1.4.33, 54.186.41.160, 3568, 21, 2.105, 1000, 0, 3826000, 3568000, 475.05, 44.206, 2.105, 1774.95, micro1
micro1_lighttpd_c_220, lighttpd/1.4.33, 54.186.41.160, 3568, 22, 1.251, 1000, 0, 3826000, 3568000, 799.42, 27.520, 1.251, 2986.89, micro1
micro1_lighttpd_c_230, lighttpd/1.4.33, 54.186.41.160, 3568, 23, 1.332, 1000, 0, 3826000, 3568000, 750.88, 30.631, 1.332, 2805.52, micro1
micro1_lighttpd_c_240, lighttpd/1.4.33, 54.186.41.160, 3568, 24, 1.727, 1000, 0, 3826000, 3568000, 579.17, 41.439, 1.727, 2163.95, micro1
micro1_lighttpd_c_250, lighttpd/1.4.33, 54.186.41.160, 3568, 25, 4.510, 1000, 0, 3826000, 3568000, 221.73, 112.749, 4.510, 828.46, micro1
micro1_lighttpd_c_260, lighttpd/1.4.33, 54.186.41.160, 3568, 26, 1.742, 1000, 0, 3826000, 3568000, 573.96, 45.300, 1.742, 2144.49, micro1
micro1_lighttpd_c_270, lighttpd/1.4.33, 54.186.41.160, 3568, 27, 2.001, 1000, 0, 3826000, 3568000, 499.75, 54.028, 2.001, 1867.21, micro1
micro1_lighttpd_c_280, lighttpd/1.4.33, 54.186.41.160, 3568, 28, 15.427, 1000, 0, 3826000, 3568000, 64.82, 431.943, 15.427, 242.20, micro1
micro1_lighttpd_c_290, lighttpd/1.4.33, 54.186.41.160, 3568, 29, 1.747, 1000, 0, 3826000, 3568000, 572.34, 50.670, 1.747, 2138.44, micro1
micro1_lighttpd_c_30, lighttpd/1.4.33, 54.186.41.160, 3568, 3, 2.177, 1000, 0, 3826000, 3568000, 459.32, 6.531, 2.177, 1716.16, micro1
micro1_lighttpd_c_300, lighttpd/1.4.33, 54.186.41.160, 3568, 30, 2.744, 1000, 0, 3826000, 3568000, 364.43, 82.321, 2.744, 1361.62, micro1
micro1_lighttpd_c_310, lighttpd/1.4.33, 54.186.41.160, 3568, 31, 1.463, 1000, 0, 3826000, 3568000, 683.56, 45.351, 1.463, 2553.99, micro1
micro1_lighttpd_c_320, lighttpd/1.4.33, 54.186.41.160, 3568, 32, 1.737, 1000, 0, 3826000, 3568000, 575.76, 55.579, 1.737, 2151.21, micro1
micro1_lighttpd_c_330, lighttpd/1.4.33, 54.186.41.160, 3568, 33, 1.724, 1000, 0, 3826000, 3568000, 579.92, 56.904, 1.724, 2166.79, micro1
micro1_lighttpd_c_340, lighttpd/1.4.33, 54.186.41.160, 3568, 34, 5.764, 1000, 0, 3826000, 3568000, 173.49, 195.982, 5.764, 648.20, micro1
micro1_lighttpd_c_350, lighttpd/1.4.33, 54.186.41.160, 3568, 35, 1.963, 1000, 0, 3826000, 3568000, 509.43, 68.705, 1.963, 1903.39, micro1
micro1_lighttpd_c_360, lighttpd/1.4.33, 54.186.41.160, 3568, 36, 4.335, 1000, 0, 3826000, 3568000, 230.68, 156.057, 4.335, 861.91, micro1
micro1_lighttpd_c_370, lighttpd/1.4.33, 54.186.41.160, 3568, 37, 4.152, 1000, 0, 3826000, 3568000, 240.86, 153.617, 4.152, 899.93, micro1
micro1_lighttpd_c_380, lighttpd/1.4.33, 54.186.41.160, 3568, 38, 1.551, 1000, 0, 3826000, 3568000, 644.89, 58.924, 1.551, 2409.53, micro1
micro1_lighttpd_c_390, lighttpd/1.4.33, 54.186.41.160, 3568, 39, 2.748, 1000, 0, 3826000, 3568000, 363.96, 107.154, 2.748, 1359.89, micro1
micro1_lighttpd_c_40, lighttpd/1.4.33, 54.186.41.160, 3568, 4, 13.845, 1000, 0, 3826000, 3568000, 72.23, 55.381, 13.845, 269.86, micro1
micro1_lighttpd_c_400, lighttpd/1.4.33, 54.186.41.160, 3568, 40, 1.804, 1000, 0, 3826000, 3568000, 554.20, 72.176, 1.804, 2070.69, micro1
micro1_lighttpd_c_410, lighttpd/1.4.33, 54.186.41.160, 3568, 41, 1.878, 1000, 0, 3826000, 3568000, 532.53, 76.992, 1.878, 1989.69, micro1
micro1_lighttpd_c_420, lighttpd/1.4.33, 54.186.41.160, 3568, 42, 1.924, 1000, 0, 3826000, 3568000, 519.73, 80.811, 1.924, 1941.88, micro1
micro1_lighttpd_c_430, lighttpd/1.4.33, 54.186.41.160, 3568, 43, 2.589, 1000, 0, 3826000, 3568000, 386.20, 111.340, 2.589, 1442.99, micro1
micro1_lighttpd_c_440, lighttpd/1.4.33, 54.186.41.160, 3568, 44, 1.616, 1000, 0, 3826000, 3568000, 618.84, 71.100, 1.616, 2312.21, micro1
micro1_lighttpd_c_450, lighttpd/1.4.33, 54.186.41.160, 3568, 45, 2.425, 1000, 0, 3826000, 3568000, 412.42, 109.111, 2.425, 1540.95, micro1
micro1_lighttpd_c_460, lighttpd/1.4.33, 54.186.41.160, 3568, 46, 2.722, 1000, 0, 3826000, 3568000, 367.35, 125.222, 2.722, 1372.53, micro1
micro1_lighttpd_c_470, lighttpd/1.4.33, 54.186.41.160, 3568, 47, 1.418, 1000, 0, 3826000, 3568000, 705.10, 66.658, 1.418, 2634.47, micro1
micro1_lighttpd_c_480, lighttpd/1.4.33, 54.186.41.160, 3568, 48, 1.481, 1000, 0, 3826000, 3568000, 675.27, 71.083, 1.481, 2523.03, micro1
micro1_lighttpd_c_490, lighttpd/1.4.33, 54.186.41.160, 3568, 49, 1.453, 1000, 0, 3826000, 3568000, 688.23, 71.197, 1.453, 2571.46, micro1
micro1_lighttpd_c_50, lighttpd/1.4.33, 54.186.41.160, 3568, 5, 2.109, 1000, 0, 3826000, 3568000, 474.23, 10.543, 2.109, 1771.88, micro1
micro1_lighttpd_c_500, lighttpd/1.4.33, 54.186.41.160, 3568, 50, 1.140, 1000, 0, 3826000, 3568000, 877.29, 56.994, 1.140, 3277.83, micro1
micro1_lighttpd_c_510, lighttpd/1.4.33, 54.186.41.160, 3568, 51, 0.922, 1000, 0, 3826000, 3568000, 1084.70, 47.018, 0.922, 4052.79, micro1
micro1_lighttpd_c_520, lighttpd/1.4.33, 54.186.41.160, 3568, 52, 2.021, 1000, 0, 3826000, 3568000, 494.69, 105.116, 2.021, 1848.33, micro1
micro1_lighttpd_c_530, lighttpd/1.4.33, 54.186.41.160, 3568, 53, 9.587, 1000, 0, 3826000, 3568000, 104.30, 508.136, 9.587, 389.71, micro1
micro1_lighttpd_c_540, lighttpd/1.4.33, 54.186.41.160, 3568, 54, 9.399, 1000, 0, 3826000, 3568000, 106.39, 507.548, 9.399, 397.52, micro1
micro1_lighttpd_c_550, lighttpd/1.4.33, 54.186.41.160, 3568, 55, 4.730, 1000, 0, 3826000, 3568000, 211.40, 260.170, 4.730, 789.86, micro1
micro1_lighttpd_c_560, lighttpd/1.4.33, 54.186.41.160, 3568, 56, 4.254, 1000, 0, 3826000, 3568000, 235.10, 238.201, 4.254, 878.39, micro1
micro1_lighttpd_c_570, lighttpd/1.4.33, 54.186.41.160, 3568, 57, 3.830, 1000, 0, 3826000, 3568000, 261.11, 218.296, 3.830, 975.60, micro1
micro1_lighttpd_c_580, lighttpd/1.4.33, 54.186.41.160, 3568, 58, 2.822, 1000, 0, 3826000, 3568000, 354.34, 163.686, 2.822, 1323.92, micro1
micro1_lighttpd_c_590, lighttpd/1.4.33, 54.186.41.160, 3568, 59, 4.392, 1000, 0, 3826000, 3568000, 227.67, 259.141, 4.392, 850.67, micro1
micro1_lighttpd_c_60, lighttpd/1.4.33, 54.186.41.160, 3568, 6, 1.930, 1000, 0, 3826000, 3568000, 518.11, 11.581, 1.930, 1935.83, micro1
micro1_lighttpd_c_600, lighttpd/1.4.33, 54.186.41.160, 3568, 60, 2.130, 1000, 0, 3826000, 3568000, 469.41, 127.821, 2.130, 1753.85, micro1
micro1_lighttpd_c_610, lighttpd/1.4.33, 54.186.41.160, 3568, 61, 0.903, 1000, 0, 3826000, 3568000, 1107.42, 55.083, 0.903, 4137.69, micro1
micro1_lighttpd_c_620, lighttpd/1.4.33, 54.186.41.160, 3568, 62, 5.864, 1000, 0, 3826000, 3568000, 170.52, 363.594, 5.864, 637.12, micro1
micro1_lighttpd_c_630, lighttpd/1.4.33, 54.186.41.160, 3568, 63, 5.727, 1000, 0, 3826000, 3568000, 174.60, 360.824, 5.727, 652.36, micro1
micro1_lighttpd_c_640, lighttpd/1.4.33, 54.186.41.160, 3568, 64, 4.254, 1000, 0, 3826000, 3568000, 235.09, 272.232, 4.254, 878.39, micro1
micro1_lighttpd_c_650, lighttpd/1.4.33, 54.186.41.160, 3568, 65, 4.424, 1000, 0, 3826000, 3568000, 226.03, 287.571, 4.424, 844.53, micro1
micro1_lighttpd_c_660, lighttpd/1.4.33, 54.186.41.160, 3568, 66, 3.896, 1000, 0, 3826000, 3568000, 256.67, 257.139, 3.896, 959.01, micro1
micro1_lighttpd_c_670, lighttpd/1.4.33, 54.186.41.160, 3568, 67, 3.329, 1000, 0, 3826000, 3568000, 300.40, 223.037, 3.329, 1122.39, micro1
micro1_lighttpd_c_680, lighttpd/1.4.33, 54.186.41.160, 3568, 68, 5.025, 1000, 0, 3826000, 3568000, 199.00, 341.710, 5.025, 743.53, micro1
micro1_lighttpd_c_690, lighttpd/1.4.33, 54.186.41.160, 3568, 69, 3.832, 1000, 0, 3826000, 3568000, 260.96, 264.409, 3.832, 975.03, micro1
micro1_lighttpd_c_70, lighttpd/1.4.33, 54.186.41.160, 3568, 7, 2.617, 1000, 0, 3826000, 3568000, 382.17, 18.316, 2.617, 1427.93, micro1
micro1_lighttpd_c_700, lighttpd/1.4.33, 54.186.41.160, 3568, 70, 4.183, 1000, 0, 3826000, 3568000, 239.06, 292.812, 4.183, 893.21, micro1
micro1_lighttpd_c_710, lighttpd/1.4.33, 54.186.41.160, 3568, 71, 3.800, 1000, 0, 3826000, 3568000, 263.16, 269.801, 3.800, 983.24, micro1
micro1_lighttpd_c_720, lighttpd/1.4.33, 54.186.41.160, 3568, 72, 2.090, 1000, 0, 3826000, 3568000, 478.50, 150.472, 2.090, 1787.82, micro1
micro1_lighttpd_c_730, lighttpd/1.4.33, 54.186.41.160, 3568, 73, 0.852, 1000, 0, 3826000, 3568000, 1173.83, 62.189, 0.852, 4385.83, micro1
micro1_lighttpd_c_740, lighttpd/1.4.33, 54.186.41.160, 3568, 74, 4.285, 1000, 0, 3826000, 3568000, 233.35, 317.116, 4.285, 871.88, micro1
micro1_lighttpd_c_750, lighttpd/1.4.33, 54.186.41.160, 3568, 75, 1.985, 1000, 0, 3826000, 3568000, 503.77, 148.877, 1.985, 1882.26, micro1
micro1_lighttpd_c_760, lighttpd/1.4.33, 54.186.41.160, 3568, 76, 3.607, 1000, 0, 3826000, 3568000, 277.23, 274.144, 3.607, 1035.81, micro1
micro1_lighttpd_c_770, lighttpd/1.4.33, 54.186.41.160, 3568, 77, 1.792, 1000, 0, 3826000, 3568000, 557.94, 138.009, 1.792, 2084.63, micro1
micro1_lighttpd_c_780, lighttpd/1.4.33, 54.186.41.160, 3568, 78, 1.370, 1000, 0, 3826000, 3568000, 730.19, 106.821, 1.370, 2728.23, micro1
micro1_lighttpd_c_790, lighttpd/1.4.33, 54.186.41.160, 3568, 79, 16.534, 1000, 0, 3826000, 3568000, 60.48, 1306.223, 16.534, 225.97, micro1
micro1_lighttpd_c_80, lighttpd/1.4.33, 54.186.41.160, 3568, 8, 1.830, 1000, 0, 3826000, 3568000, 546.48, 14.639, 1.830, 2041.84, micro1
micro1_lighttpd_c_800, lighttpd/1.4.33, 54.186.41.160, 3568, 80, 6.817, 1000, 0, 3826000, 3568000, 146.69, 545.386, 6.817, 548.06, micro1
micro1_lighttpd_c_810, lighttpd/1.4.33, 54.186.41.160, 3568, 81, 12.337, 1000, 0, 3826000, 3568000, 81.06, 999.276, 12.337, 302.86, micro1
micro1_lighttpd_c_820, lighttpd/1.4.33, 54.186.41.160, 3568, 82, 2.082, 1000, 0, 3826000, 3568000, 480.19, 170.764, 2.082, 1794.16, micro1
micro1_lighttpd_c_830, lighttpd/1.4.33, 54.186.41.160, 3568, 83, 1.994, 1000, 0, 3826000, 3568000, 501.55, 165.488, 1.994, 1873.94, micro1
micro1_lighttpd_c_840, lighttpd/1.4.33, 54.186.41.160, 3568, 84, 2.099, 1000, 0, 3826000, 3568000, 476.39, 176.324, 2.099, 1779.97, micro1
micro1_lighttpd_c_850, lighttpd/1.4.33, 54.186.41.160, 3568, 85, 1.411, 1000, 0, 3826000, 3568000, 708.73, 119.932, 1.411, 2648.06, micro1
micro1_lighttpd_c_860, lighttpd/1.4.33, 54.186.41.160, 3568, 86, 1.871, 1000, 0, 3826000, 3568000, 534.47, 160.908, 1.871, 1996.94, micro1
micro1_lighttpd_c_870, lighttpd/1.4.33, 54.186.41.160, 3568, 87, 2.059, 1000, 0, 3826000, 3568000, 485.59, 179.163, 2.059, 1814.32, micro1
micro1_lighttpd_c_880, lighttpd/1.4.33, 54.186.41.160, 3568, 88, 1.035, 1000, 0, 3826000, 3568000, 965.99, 91.098, 1.035, 3609.26, micro1
micro1_lighttpd_c_890, lighttpd/1.4.33, 54.186.41.160, 3568, 89, 1.690, 1000, 0, 3826000, 3568000, 591.68, 150.420, 1.690, 2210.71, micro1
micro1_lighttpd_c_90, lighttpd/1.4.33, 54.186.41.160, 3568, 9, 1.820, 1000, 0, 3826000, 3568000, 549.42, 16.381, 1.820, 2052.81, micro1
micro1_lighttpd_c_900, lighttpd/1.4.33, 54.186.41.160, 3568, 90, 2.315, 1000, 0, 3826000, 3568000, 431.94, 208.365, 2.315, 1613.85, micro1
micro1_lighttpd_c_910, lighttpd/1.4.33, 54.186.41.160, 3568, 91, 5.827, 1000, 0, 3826000, 3568000, 171.62, 530.237, 5.827, 641.23, micro1
micro1_lighttpd_c_920, lighttpd/1.4.33, 54.186.41.160, 3568, 92, 1.422, 1000, 0, 3826000, 3568000, 703.06, 130.857, 1.422, 2626.85, micro1
micro1_lighttpd_c_930, lighttpd/1.4.33, 54.186.41.160, 3568, 93, 2.061, 1000, 0, 3826000, 3568000, 485.31, 191.631, 2.061, 1813.27, micro1
micro1_lighttpd_c_940, lighttpd/1.4.33, 54.186.41.160, 3568, 94, 2.376, 1000, 0, 3826000, 3568000, 420.94, 223.312, 2.376, 1572.75, micro1
micro1_lighttpd_c_950, lighttpd/1.4.33, 54.186.41.160, 3568, 95, 2.031, 1000, 0, 3826000, 3568000, 492.29, 192.974, 2.031, 1839.37, micro1
micro1_lighttpd_c_960, lighttpd/1.4.33, 54.186.41.160, 3568, 96, 3.194, 1000, 0, 3826000, 3568000, 313.07, 306.638, 3.194, 1169.74, micro1
micro1_lighttpd_c_970, lighttpd/1.4.33, 54.186.41.160, 3568, 97, 3.234, 1000, 0, 3826000, 3568000, 309.25, 313.658, 3.234, 1155.48, micro1
micro1_lighttpd_c_980, lighttpd/1.4.33, 54.186.41.160, 3568, 98, 2.527, 1000, 0, 3826000, 3568000, 395.71, 247.656, 2.527, 1478.50, micro1
micro1_lighttpd_c_990, lighttpd/1.4.33, 54.186.41.160, 3568, 99, 6.333, 1000, 0, 3826000, 3568000, 157.90, 626.960, 6.333, 589.98, micro1
micro1_nginx_c_100, nginx/1.4.6, 54.186.41.160, 612, 10, 9.961, 1000, 0, 853000, 612000, 100.39, 99.613, 9.961, 83.62, micro1
micro1_nginx_c_1000, nginx/1.4.6, 54.186.41.160, 612, 100, 1.259, 1000, 0, 853000, 612000, 794.36, 125.888, 1.259, 661.71, micro1
micro1_nginx_c_110, nginx/1.4.6, 54.186.41.160, 612, 11, 6.185, 1000, 0, 853000, 612000, 161.67, 68.040, 6.185, 134.67, micro1
micro1_nginx_c_120, nginx/1.4.6, 54.186.41.160, 612, 12, 4.354, 1000, 0, 853000, 612000, 229.67, 52.250, 4.354, 191.31, micro1
micro1_nginx_c_130, nginx/1.4.6, 54.186.41.160, 612, 13, 1.214, 1000, 0, 853000, 612000, 823.75, 15.781, 1.214, 686.19, micro1
micro1_nginx_c_140, nginx/1.4.6, 54.186.41.160, 612, 14, 8.755, 1000, 0, 853000, 612000, 114.23, 122.563, 8.755, 95.15, micro1
micro1_nginx_c_150, nginx/1.4.6, 54.186.41.160, 612, 15, 8.760, 1000, 0, 853000, 612000, 114.15, 131.404, 8.760, 95.09, micro1
micro1_nginx_c_160, nginx/1.4.6, 54.186.41.160, 612, 16, 9.656, 1000, 0, 853000, 612000, 103.56, 154.501, 9.656, 86.27, micro1
micro1_nginx_c_170, nginx/1.4.6, 54.186.41.160, 612, 17, 9.318, 1000, 0, 853000, 612000, 107.31, 158.414, 9.318, 89.39, micro1
micro1_nginx_c_180, nginx/1.4.6, 54.186.41.160, 612, 18, 2.992, 1000, 0, 853000, 612000, 334.20, 53.859, 2.992, 278.40, micro1
micro1_nginx_c_190, nginx/1.4.6, 54.186.41.160, 612, 19, 11.163, 1000, 0, 853000, 612000, 89.58, 212.092, 11.163, 74.62, micro1
micro1_nginx_c_20, nginx/1.4.6, 54.186.41.160, 612, 2, 9.225, 1000, 0, 853000, 612000, 108.40, 18.451, 9.225, 90.30, micro1
micro1_nginx_c_200, nginx/1.4.6, 54.186.41.160, 612, 20, 1.819, 1000, 0, 853000, 612000, 549.85, 36.373, 1.819, 458.03, micro1
micro1_nginx_c_210, nginx/1.4.6, 54.186.41.160, 612, 21, 11.424, 1000, 0, 853000, 612000, 87.53, 239.909, 11.424, 72.92, micro1
micro1_nginx_c_220, nginx/1.4.6, 54.186.41.160, 612, 22, 1.267, 1000, 0, 853000, 612000, 789.30, 27.873, 1.267, 657.49, micro1
micro1_nginx_c_230, nginx/1.4.6, 54.186.41.160, 612, 23, 1.268, 1000, 0, 853000, 612000, 788.83, 29.157, 1.268, 657.10, micro1
micro1_nginx_c_240, nginx/1.4.6, 54.186.41.160, 612, 24, 10.368, 1000, 0, 853000, 612000, 96.45, 248.840, 10.368, 80.34, micro1
micro1_nginx_c_250, nginx/1.4.6, 54.186.41.160, 612, 25, 11.517, 1000, 0, 853000, 612000, 86.83, 287.929, 11.517, 72.33, micro1
micro1_nginx_c_260, nginx/1.4.6, 54.186.41.160, 612, 26, 2.272, 1000, 0, 853000, 612000, 440.05, 59.084, 2.272, 366.57, micro1
micro1_nginx_c_270, nginx/1.4.6, 54.186.41.160, 612, 27, 1.825, 1000, 0, 853000, 612000, 547.99, 49.271, 1.825, 456.48, micro1
micro1_nginx_c_280, nginx/1.4.6, 54.186.41.160, 612, 28, 2.960, 1000, 0, 853000, 612000, 337.79, 82.892, 2.960, 281.38, micro1
micro1_nginx_c_290, nginx/1.4.6, 54.186.41.160, 612, 29, 10.470, 1000, 0, 853000, 612000, 95.51, 303.641, 10.470, 79.56, micro1
micro1_nginx_c_300, nginx/1.4.6, 54.186.41.160, 612, 30, 1.899, 1000, 0, 853000, 612000, 526.50, 56.980, 1.899, 438.58, micro1
micro1_nginx_c_310, nginx/1.4.6, 54.186.41.160, 612, 31, 1.273, 1000, 0, 853000, 612000, 785.73, 39.454, 1.273, 654.52, micro1
micro1_nginx_c_320, nginx/1.4.6, 54.186.41.160, 612, 32, 0.866, 1000, 0, 853000, 612000, 1154.24, 27.724, 0.866, 961.49, micro1
micro1_nginx_c_330, nginx/1.4.6, 54.186.41.160, 612, 33, 1.162, 1000, 0, 853000, 612000, 860.59, 38.346, 1.162, 716.88, micro1
micro1_nginx_c_340, nginx/1.4.6, 54.186.41.160, 612, 34, 1.481, 1000, 0, 853000, 612000, 675.31, 50.347, 1.481, 562.54, micro1
micro1_nginx_c_350, nginx/1.4.6, 54.186.41.160, 612, 35, 1.363, 1000, 0, 853000, 612000, 733.42, 47.721, 1.363, 610.95, micro1
micro1_nginx_c_360, nginx/1.4.6, 54.186.41.160, 612, 36, 10.442, 1000, 0, 853000, 612000, 95.77, 375.920, 10.442, 79.77, micro1
micro1_nginx_c_370, nginx/1.4.6, 54.186.41.160, 612, 37, 1.564, 1000, 0, 853000, 612000, 639.25, 57.880, 1.564, 532.50, micro1
micro1_nginx_c_380, nginx/1.4.6, 54.186.41.160, 612, 38, 1.304, 1000, 0, 853000, 612000, 767.10, 49.537, 1.304, 639.00, micro1
micro1_nginx_c_390, nginx/1.4.6, 54.186.41.160, 612, 39, 1.325, 1000, 0, 853000, 612000, 754.47, 51.692, 1.325, 628.48, micro1
micro1_nginx_c_400, nginx/1.4.6, 54.186.41.160, 612, 40, 1.387, 1000, 0, 853000, 612000, 720.84, 55.491, 1.387, 600.46, micro1
micro1_nginx_c_410, nginx/1.4.6, 54.186.41.160, 612, 41, 1.209, 1000, 0, 853000, 612000, 827.22, 49.564, 1.209, 689.08, micro1
micro1_nginx_c_420, nginx/1.4.6, 54.186.41.160, 612, 42, 1.298, 1000, 0, 853000, 612000, 770.25, 54.528, 1.298, 641.63, micro1
micro1_nginx_c_430, nginx/1.4.6, 54.186.41.160, 612, 43, 1.263, 1000, 0, 853000, 612000, 791.84, 54.304, 1.263, 659.61, micro1
micro1_nginx_c_440, nginx/1.4.6, 54.186.41.160, 612, 44, 1.222, 1000, 0, 853000, 612000, 818.57, 53.752, 1.222, 681.87, micro1
micro1_nginx_c_450, nginx/1.4.6, 54.186.41.160, 612, 45, 2.256, 1000, 0, 853000, 612000, 443.30, 101.511, 2.256, 369.27, micro1
micro1_nginx_c_460, nginx/1.4.6, 54.186.41.160, 612, 46, 13.327, 1000, 0, 853000, 612000, 75.03, 613.047, 13.327, 62.50, micro1
micro1_nginx_c_470, nginx/1.4.6, 54.186.41.160, 612, 47, 9.243, 1000, 0, 853000, 612000, 108.20, 434.400, 9.243, 90.13, micro1
micro1_nginx_c_480, nginx/1.4.6, 54.186.41.160, 612, 48, 6.079, 1000, 0, 853000, 612000, 164.49, 291.808, 6.079, 137.02, micro1
micro1_nginx_c_490, nginx/1.4.6, 54.186.41.160, 612, 49, 1.296, 1000, 0, 853000, 612000, 771.41, 63.520, 1.296, 642.59, micro1
micro1_nginx_c_500, nginx/1.4.6, 54.186.41.160, 612, 50, 1.818, 1000, 0, 853000, 612000, 550.12, 90.889, 1.818, 458.26, micro1
micro1_nginx_c_510, nginx/1.4.6, 54.186.41.160, 612, 51, 1.332, 1000, 0, 853000, 612000, 750.98, 67.912, 1.332, 625.57, micro1
micro1_nginx_c_520, nginx/1.4.6, 54.186.41.160, 612, 52, 6.039, 1000, 0, 853000, 612000, 165.59, 314.034, 6.039, 137.94, micro1
micro1_nginx_c_530, nginx/1.4.6, 54.186.41.160, 612, 53, 2.780, 1000, 0, 853000, 612000, 359.65, 147.364, 2.780, 299.59, micro1
micro1_nginx_c_540, nginx/1.4.6, 54.186.41.160, 612, 54, 1.100, 1000, 0, 853000, 612000, 909.44, 59.377, 1.100, 757.57, micro1
micro1_nginx_c_550, nginx/1.4.6, 54.186.41.160, 612, 55, 1.228, 1000, 0, 853000, 612000, 814.58, 67.519, 1.228, 678.55, micro1
micro1_nginx_c_560, nginx/1.4.6, 54.186.41.160, 612, 56, 1.164, 1000, 0, 853000, 612000, 859.38, 65.163, 1.164, 715.87, micro1
micro1_nginx_c_570, nginx/1.4.6, 54.186.41.160, 612, 57, 1.215, 1000, 0, 853000, 612000, 823.07, 69.253, 1.215, 685.62, micro1
micro1_nginx_c_580, nginx/1.4.6, 54.186.41.160, 612, 58, 1.193, 1000, 0, 853000, 612000, 838.44, 69.176, 1.193, 698.42, micro1
micro1_nginx_c_590, nginx/1.4.6, 54.186.41.160, 612, 59, 1.160, 1000, 0, 853000, 612000, 862.11, 68.436, 1.160, 718.15, micro1
micro1_nginx_c_60, nginx/1.4.6, 54.186.41.160, 612, 6, 21.845, 1000, 0, 853000, 612000, 45.78, 131.071, 21.845, 38.13, micro1
micro1_nginx_c_600, nginx/1.4.6, 54.186.41.160, 612, 60, 1.262, 1000, 0, 853000, 612000, 792.63, 75.697, 1.262, 660.27, micro1
micro1_nginx_c_610, nginx/1.4.6, 54.186.41.160, 612, 61, 1.472, 1000, 0, 853000, 612000, 679.19, 89.813, 1.472, 565.77, micro1
micro1_nginx_c_620, nginx/1.4.6, 54.186.41.160, 612, 62, 2.051, 1000, 0, 853000, 612000, 487.46, 127.190, 2.051, 406.06, micro1
micro1_nginx_c_630, nginx/1.4.6, 54.186.41.160, 612, 63, 2.017, 1000, 0, 853000, 612000, 495.89, 127.043, 2.017, 413.08, micro1
micro1_nginx_c_640, nginx/1.4.6, 54.186.41.160, 612, 64, 1.172, 1000, 0, 853000, 612000, 853.46, 74.989, 1.172, 710.94, micro1
micro1_nginx_c_650, nginx/1.4.6, 54.186.41.160, 612, 65, 1.241, 1000, 0, 853000, 612000, 805.69, 80.676, 1.241, 671.15, micro1
micro1_nginx_c_660, nginx/1.4.6, 54.186.41.160, 612, 66, 1.154, 1000, 0, 853000, 612000, 866.22, 76.193, 1.154, 721.57, micro1
micro1_nginx_c_670, nginx/1.4.6, 54.186.41.160, 612, 67, 2.076, 1000, 0, 853000, 612000, 481.65, 139.105, 2.076, 401.22, micro1
micro1_nginx_c_680, nginx/1.4.6, 54.186.41.160, 612, 68, 5.061, 1000, 0, 853000, 612000, 197.61, 344.118, 5.061, 164.61, micro1
micro1_nginx_c_690, nginx/1.4.6, 54.186.41.160, 612, 69, 0.718, 1000, 0, 853000, 612000, 1392.69, 49.545, 0.718, 1160.12, micro1
micro1_nginx_c_70, nginx/1.4.6, 54.186.41.160, 612, 7, 1.566, 1000, 0, 853000, 612000, 638.75, 10.959, 1.566, 532.08, micro1
micro1_nginx_c_700, nginx/1.4.6, 54.186.41.160, 612, 70, 1.971, 1000, 0, 853000, 612000, 507.34, 137.974, 1.971, 422.62, micro1
micro1_nginx_c_710, nginx/1.4.6, 54.186.41.160, 612, 71, 1.628, 1000, 0, 853000, 612000, 614.38, 115.563, 1.628, 511.78, micro1
micro1_nginx_c_720, nginx/1.4.6, 54.186.41.160, 612, 72, 2.020, 1000, 0, 853000, 612000, 495.12, 145.419, 2.020, 412.44, micro1
micro1_nginx_c_730, nginx/1.4.6, 54.186.41.160, 612, 73, 2.067, 1000, 0, 853000, 612000, 483.90, 150.858, 2.067, 403.09, micro1
micro1_nginx_c_740, nginx/1.4.6, 54.186.41.160, 612, 74, 1.566, 1000, 0, 853000, 612000, 638.64, 115.872, 1.566, 531.99, micro1
micro1_nginx_c_750, nginx/1.4.6, 54.186.41.160, 612, 75, 1.416, 1000, 0, 853000, 612000, 706.22, 106.199, 1.416, 588.29, micro1
micro1_nginx_c_760, nginx/1.4.6, 54.186.41.160, 612, 76, 1.743, 1000, 0, 853000, 612000, 573.88, 132.432, 1.743, 478.05, micro1
micro1_nginx_c_770, nginx/1.4.6, 54.186.41.160, 612, 77, 1.726, 1000, 0, 853000, 612000, 579.37, 132.903, 1.726, 482.62, micro1
micro1_nginx_c_780, nginx/1.4.6, 54.186.41.160, 612, 78, 1.755, 1000, 0, 853000, 612000, 569.84, 136.880, 1.755, 474.68, micro1
micro1_nginx_c_790, nginx/1.4.6, 54.186.41.160, 612, 79, 1.834, 1000, 0, 853000, 612000, 545.34, 144.863, 1.834, 454.27, micro1
micro1_nginx_c_80, nginx/1.4.6, 54.186.41.160, 612, 8, 1.297, 1000, 0, 853000, 612000, 770.82, 10.379, 1.297, 642.10, micro1
micro1_nginx_c_800, nginx/1.4.6, 54.186.41.160, 612, 80, 2.183, 1000, 0, 853000, 612000, 458.10, 174.633, 2.183, 381.60, micro1
micro1_nginx_c_810, nginx/1.4.6, 54.186.41.160, 612, 81, 2.041, 1000, 0, 853000, 612000, 489.97, 165.315, 2.041, 408.15, micro1
micro1_nginx_c_820, nginx/1.4.6, 54.186.41.160, 612, 82, 2.089, 1000, 0, 853000, 612000, 478.66, 171.312, 2.089, 398.73, micro1
micro1_nginx_c_830, nginx/1.4.6, 54.186.41.160, 612, 83, 1.686, 1000, 0, 853000, 612000, 593.18, 139.924, 1.686, 494.12, micro1
micro1_nginx_c_840, nginx/1.4.6, 54.186.41.160, 612, 84, 1.290, 1000, 0, 853000, 612000, 774.93, 108.397, 1.290, 645.52, micro1
micro1_nginx_c_850, nginx/1.4.6, 54.186.41.160, 612, 85, 1.418, 1000, 0, 853000, 612000, 705.09, 120.552, 1.418, 587.34, micro1
micro1_nginx_c_860, nginx/1.4.6, 54.186.41.160, 612, 86, 1.508, 1000, 0, 853000, 612000, 663.34, 129.646, 1.508, 552.57, micro1
micro1_nginx_c_870, nginx/1.4.6, 54.186.41.160, 612, 87, 1.450, 1000, 0, 853000, 612000, 689.62, 126.157, 1.450, 574.46, micro1
micro1_nginx_c_880, nginx/1.4.6, 54.186.41.160, 612, 88, 1.408, 1000, 0, 853000, 612000, 710.34, 123.885, 1.408, 591.71, micro1
micro1_nginx_c_890, nginx/1.4.6, 54.186.41.160, 612, 89, 4.058, 1000, 0, 853000, 612000, 246.40, 361.202, 4.058, 205.25, micro1
micro1_nginx_c_90, nginx/1.4.6, 54.186.41.160, 612, 9, 43.561, 1000, 0, 853000, 612000, 22.96, 392.051, 43.561, 19.12, micro1
micro1_nginx_c_900, nginx/1.4.6, 54.186.41.160, 612, 90, 4.033, 1000, 0, 853000, 612000, 247.98, 362.938, 4.033, 206.57, micro1
micro1_nginx_c_910, nginx/1.4.6, 54.186.41.160, 612, 91, 1.849, 1000, 0, 853000, 612000, 540.93, 168.229, 1.849, 450.60, micro1
micro1_nginx_c_920, nginx/1.4.6, 54.186.41.160, 612, 92, 4.396, 1000, 0, 853000, 612000, 227.50, 404.404, 4.396, 189.51, micro1
micro1_nginx_c_930, nginx/1.4.6, 54.186.41.160, 612, 93, 3.397, 1000, 0, 853000, 612000, 294.35, 315.952, 3.397, 245.19, micro1
micro1_nginx_c_940, nginx/1.4.6, 54.186.41.160, 612, 94, 3.697, 1000, 0, 853000, 612000, 270.48, 347.526, 3.697, 225.31, micro1
micro1_nginx_c_950, nginx/1.4.6, 54.186.41.160, 612, 95, 16.947, 1000, 0, 853000, 612000, 59.01, 1609.944, 16.947, 49.15, micro1
micro1_nginx_c_960, nginx/1.4.6, 54.186.41.160, 612, 96, 4.135, 1000, 0, 853000, 612000, 241.85, 396.934, 4.135, 201.47, micro1
micro1_nginx_c_970, nginx/1.4.6, 54.186.41.160, 612, 97, 2.042, 1000, 0, 853000, 612000, 489.76, 198.056, 2.042, 407.97, micro1
micro1_nginx_c_980, nginx/1.4.6, 54.186.41.160, 612, 98, 7.562, 1000, 0, 853000, 612000, 132.24, 741.091, 7.562, 110.15, micro1
micro1_nginx_c_990, nginx/1.4.6, 54.186.41.160, 612, 99, 5.240, 1000, 0, 853000, 612000, 190.84, 518.752, 5.240, 158.97, micro1
